fips,Fall,Spring,Summer,Winter,max_warming_season,Annual,CTYNAME,STNAME
1001,-0.248564374,-0.07373545,-0.307132275,0.270038801,Winter,-0.079968254,Autauga County,Alabama
1003,0.049693122,0.060035273,-0.007407407,0.444585538,Winter,0.142994709,Baldwin County,Alabama
1005,0.179485009,0.127492063,-0.061220459,0.891132275,Winter,0.300250441,Barbour County,Alabama
21081,0.406730159,0.896945326,-0.242680776,1.456056437,Winter,0.63443739,Grant County,Kentucky
50007,1.314328042,1.548388007,1.053911817,2.729001764,Winter,1.638250441,Chittenden County,Vermont
56045,0.901432099,1.609255732,1.241580247,2.186511464,Winter,1.490310406,Weston County,Wyoming